ToUnits,ounces,pounds,grams
ounces,1,16,0.035274
pounds,0.0625,1,0.002204625
grams,28.34949254,453.5918807,1
