RowUnits,ounces,pounds,grams
ounces,1,0.0625,28.34949254
pounds,16,1,453.5918807
grams,0.035274,0.002204625,1